"Time","y","x_dfy","x_infl","x_svar","x_tms","x_tbl","x_dfr","x_dp","x_ltr","x_ep","x_bmr","x_ntis"
198101,-0.0104199514530834,0.0193,0.009356725,0.002951529,-0.035,0.1549,-0.0104,-3.09281184338054,0.0352,-2.21491100105803,0.891503024,0.026816375
198102,0.0508002980257966,0.0222,0.00811124,0.001597435,-0.0291,0.1502,-0.0015,-3.03951761495707,-0.0115,-2.17350202024693,0.907238697,0.028695433
198103,0.0718455534354875,0.0202,0.010344828,0.001530909,-0.0196,0.1479,0.0166,-3.04627608843398,-0.0435,-2.19213357435681,0.881815757,0.030009373
198104,0.0122483446445686,0.0201,0.006825939,0.002075944,-0.0088,0.1336,-0.0073,-3.07528490525594,0.0384,-2.23300415915554,0.924920557,0.027939298
198105,0.0347466328404162,0.0168,0.006779661,0.000832003,-0.00369999999999998,0.1369,-0.0251,-3.0457226155209,-0.0518,-2.19948826245447,0.930593836,0.027352012
198106,0.0243759681168566,0.0163,0.007856341,0.000921688,-0.0365,0.163,-0.0027,-3.03828729717216,0.0622,-2.18813784761877,0.936223847,0.028844618
198107,0.0344966146126693,0.0205,0.008908686,0.000995543,-0.0169,0.1473,0.0202,-3.02206482472818,-0.0179,-2.16808244747225,0.950474982,0.027893437
198108,-0.0253470950475545,0.0179,0.011037528,0.001102989,-0.0125,0.1495,-0.0019,-3.01309882375082,-0.0353,-2.16011027274247,0.974966924,0.025590219
198109,-0.0130567083988246,0.0145,0.007641921,0.001824938,-0.0106,0.1551,0.0041,-2.94226445778404,-0.0386,-2.09027943952666,1.053354056,0.026991742
198110,0.0935561969950625,0.0143,0.009750813,0.002761174,0.00120000000000001,0.147,-0.0054,-2.88026633662582,-0.0145,-2.02925059333384,1.092378644,0.02148337
198111,0.0800394225580137,0.0171,0.002145923,0.002078252,0.003,0.1354,-0.0308,-2.92263157106372,0.0829,-2.07526617026936,1.089085684,0.014897108
198112,0.0137357274357914,0.0217,0.003211991,0.001504003,0.0134,0.1086,-0.0143,-2.95300185193226,0.141,-2.10924414095048,1.044455443,0.015672826
198201,0.0288331359403785,0.0232,0.003201708,0.000905798,0.0249,0.1085,0.0133,-2.91691430577635,-0.0713,-2.0767523822546,1.061142857,0.011909646
198202,-0.0141413264890847,0.0192,0.003191489,0.002521933,0.0187,0.1228,-0.0175,-2.89470004832242,0.0046,-2.0710581758445,1.065893698,0.010700487
198203,0.039491807222338,0.0191,0.003181336,0.001918232,0.00539999999999999,0.1348,0.013,-2.82774692240315,0.0182,-2.02075736189302,1.126287316,0.010506098
198204,0.0890670479596857,0.0224,-0.001057083,0.001795226,0.0119,0.1268,0.0075,-2.81305351011219,0.0231,-2.02283903636755,1.185750574,0.005548433
198205,0.00852139931567207,0.0232,0.004232804,0.001246821,0.0078,0.127,-0.0035,-2.84783361399298,0.0373,-2.07658064310843,1.149983498,0.002923686
198206,0.0310249791866077,0.0238,0.009483667,0.000854816,0.0149,0.1209,0.0211,-2.80344976638145,0.0034,-2.05135905697222,1.190423896,-0.000958184
198207,0.0288148461435705,0.0211,0.012526096,0.001490293,0.0165,0.1247,-0.0245,-2.77853649106621,-0.0223,-2.04580155752504,1.201581417,0.00121303
198208,0.172246644672699,0.0219,0.005154639,0.000958583,0.0217,0.1135,0.0039,-2.75332637661748,0.0501,-2.0369936775208,1.206529805,-0.011551892
198209,0.0598447658213281,0.0261,0.002051282,0.006415933,0.0386,0.0868,0.00559999999999999,-2.86109489080409,0.0781,-2.16139442054575,1.082424471,-0.00285763
198210,0.161420940894328,0.0269,0.002047083,0.002131294,0.0391,0.0792,5e-04,-2.86673697976217,0.0618,-2.18386134952405,1.088535565,0.000550709
198211,0.0811724581762725,0.0261,0.003064351,0.006125908,0.0341,0.0771,0.0125,-2.97044699919292,0.0634,-2.31142669760002,0.983745412,0.006557832
198212,0.0580689888154039,0.0262,-0.00203666,0.00549165,0.0318,0.0807,0.0203,-3.00497071696123,-2e-04,-2.37031816317747,0.938726811,0.000958155
198301,0.0752006300764953,0.0231,-0.004081633,0.002490238,0.0301,0.0794,-0.0204,-3.01903932770261,0.0312,-2.40933704521816,0.932214727,0.002990054
198302,0.0602795676282912,0.0215,0.00204918,0.003280857,0.0327,0.0786,0.0215,-3.04970238246404,-0.0309,-2.44775011227401,0.906944315,0.00219476
198303,0.0734847221941396,0.0194,0.001022495,0.001911642,0.0249,0.0811,-0.0064,-3.06657456068451,0.0492,-2.47242509640605,0.876849239,0.000355881
198304,0.113087220219251,0.0188,0,0.001571821,0.0248,0.0835,0.0166,-3.09720681152351,-0.0094,-2.51086837279776,0.780067786,0.005993542
198305,0.0229254233443534,0.0178,0.007150153,0.001423751,0.023,0.0821,0.0198,-3.16800836009441,0.035,-2.57856122482557,0.71888762,0.006626844
198306,0.0712828107926677,0.0163,0.006085193,0.001084614,0.0293,0.0819,0.0062,-3.15414103627518,-0.0386,-2.56161174732726,0.734595577,0.010428913
198307,0.00101461108608853,0.0163,0.003024194,0.001399149,0.024,0.0879,-0.0085,-3.18731675252625,0.0039,-2.59171567898871,0.721382042,0.015826551
198308,0.0466856242674614,0.0124,0.004020101,0.002292825,0.029,0.0908,0.0031,-3.15086769004379,-0.0486,-2.5395182285115,0.735061123,0.025380209
198309,0.0451659607810541,0.0113,0.003003003,0.001369045,0.0276,0.0934,0.0031,-3.1592535658478,0.002,-2.53249571075325,0.724822392,0.019474631
198310,0.019585957361513,0.0118,0.00499002,0.001057293,0.0257,0.09,-0.0113,-3.16649923716335,0.0505,-2.52464535099095,0.714847583,0.023178393
198311,0.0536174770614959,0.0121,0.002979146,0.001115356,0.0324,0.0864,0.0107,-3.14693204816182,-0.0132,-2.49122679389144,0.719474372,0.024744376
198312,0.02650055449504,0.012,0.001980198,0.000836303,0.03,0.0876,-0.0041,-3.15994947688196,0.0183,-2.490690169063,0.690819893,0.026636827
198401,0.0263825330848981,0.0118,0.000988142,0.000528114,0.0297,0.09,0.0026,-3.14683580091602,-0.0059,-2.46432324734569,0.700359118,0.027056897
198402,-0.00217925245171839,0.0145,0.005923001,0.000794606,0.029,0.089,0.0026,-3.13335465463981,0.0244,-2.42626024659901,0.722197644,0.030736005
198403,0.0519395556362012,0.0151,0.004906771,0.002019477,0.0308,0.0909,6e-04,-3.08951554124081,-0.0178,-2.35862803269802,0.763448031,0.026701748
198404,0.0427763278793967,0.0142,0.001953125,0.001354588,0.0301,0.0952,-0.0079,-3.09873625431757,-0.0156,-2.34480061152139,0.762475427,0.024104936
198405,-0.0217235017129705,0.015,0.004873294,0.001035528,0.0315,0.0969,0.0032,-3.09817435422103,-0.0105,-2.32992835697726,0.758658979,0.022681955
198406,0.0585525617139392,0.0146,0.002909796,0.00093305,0.0398,0.0983,0.0033,-3.03099298665537,-0.0516,-2.24881297373191,0.803910033,0.021514128
198407,0.0232559467995943,0.015,0.002901354,0.001675763,0.0387,0.0987,0.0049,-3.04237042671976,0.015,-2.24660245824311,0.784351819,0.001304065
198408,0.146896209651732,0.0171,0.003857281,0.000865658,0.0281,0.1012,-0.0107,-3.02260002317222,0.0693,-2.22263429286159,0.796391938,-0.001862142
198409,0.0322335056006112,0.0176,0.003842459,0.003126833,0.0223,0.1047,0.0041,-3.12046434392638,0.0266,-2.31635841692622,0.72542838,-0.003100834
198410,0.0347215535538157,0.0169,0.004784689,0.000943227,0.0198,0.1037,-0.0028,-3.11381637800687,0.0342,-2.30559986766214,0.736050915,-0.009492547
198411,0.0226500514660984,0.0131,0.002857143,0.001291848,0.0199,0.0974,0.0011,-3.10700395138124,0.0561,-2.30392864070381,0.735642466,-0.01352848
198412,0.0620272887444828,0.0119,0,0.00102029,0.0308,0.0861,0.0094,-3.08506937532044,0.0118,-2.2870985879183,0.747051996,-0.021877207
198501,0.112890203957302,0.0127,0,0.001190105,0.0364,0.0806,0.0037,-3.10053486467656,0.0091,-2.3076204710953,0.733098377,-0.027196787
198502,0.0453034334160702,0.0118,0.001899335,0.001635821,0.0351,0.0776,-0.0039,-3.16627027601404,0.0364,-2.38410832604392,0.690255446,-0.029905005
198503,0.033170098483283,0.011,0.004739337,0.000745296,0.0382,0.0827,0.012,-3.16920299941787,-0.0493,-2.39780531602999,0.691739161,-0.024518918
198504,0.0307794107765208,0.0113,0.003773585,0.000802286,0.0329,0.0852,-0.0128,-3.1606048279692,0.0307,-2.39994541896596,0.723645779,-0.024815769
198505,0.090364908796025,0.0128,0.004699248,0.00045988,0.0367,0.0795,0.0054,-3.15252039750026,0.0242,-2.41133106803999,0.72866159,-0.022411793
198506,0.0474826245043286,0.0143,0.003741815,0.00083386,0.0314,0.0748,-0.0076,-3.20170673039544,0.0896,-2.48022230742403,0.696892984,-0.025480931
198507,0.0294891956551769,0.0146,0.002795899,0.00074152,0.036,0.0695,-0.0059,-3.21031212909133,0.0142,-2.50880208216562,0.686430144,-0.026607514
198508,0.0234104186066396,0.0146,0.001858736,0.00071863,0.0383,0.0708,0.0059,-3.20115970749737,-0.018,-2.5120924684008,0.68032209,-0.024638663
198509,0.000856713245317489,0.0145,0.001855288,0.000629695,0.0354,0.0714,9.99999999999994e-05,-3.18480508501046,0.0259,-2.50823556347033,0.687176258,-0.024227473
198510,0.0791976595613418,0.0141,0.002777778,0.000865843,0.0372,0.071,0.0092,-3.14520731657565,-0.0021,-2.4811789840309,0.68995883,-0.031294354
198511,0.100493179352239,0.0134,0.003693444,0.000911764,0.0335,0.0716,-0.000899999999999998,-3.18428964826123,0.0338,-2.53647392544116,0.667025635,-0.027069342
198512,0.0776581462334974,0.0144,0.00275989,0.000943068,0.0287,0.0724,-0.0031,-3.24478102375645,0.0401,-2.61335400461818,0.622703158,-0.027715873
198601,0.0343626114826991,0.0142,0.002752294,0.001230076,0.0246,0.071,-0.00720000000000001,-3.2863215085159,0.0541,-2.67147804222627,0.592692688,-0.019465082
198602,0.103883888856247,0.0139,0.002744739,0.001920158,0.0251,0.0707,0.007,-3.28363472474326,-0.0025,-2.6758972734218,0.5835174,-0.019171777
198603,0.0821547166178871,0.0144,-0.002737226,0.00108929,0.0135,0.0706,-0.0393,-3.34765912099665,0.1145,-2.74700653884087,0.536376722,-0.017914257
198604,0.0143475880050398,0.015,-0.004574565,0.001373734,0.011,0.0656,-0.0514,-3.39410663245334,0.077,-2.80051804493511,0.519627628,-0.016419622
198605,0.0796198633457023,0.014,-0.001838235,0.002458946,0.0176,0.0606,0.0096,-3.37653376604574,-0.008,-2.7819187971219,0.529714459,-0.024584783
198606,0.0416701541293564,0.012,0.002762431,0.001369931,0.0233,0.0615,0.0341,-3.42224201704456,-0.0505,-2.82658928355727,0.503540771,-0.021871955
198607,-0.0314052318379938,0.0121,0.005509642,0.001596519,0.0169,0.0621,-0.0395,-3.43295122399643,0.0613,-2.83628775106147,0.499281457,-0.012293237
198608,0.101274938653826,0.0128,0,0.002415824,0.0226,0.0583,0.0139,-3.3671446471072,-0.0108,-2.77264293343305,0.532301401,-0.011286033
198609,-0.0573899171338413,0.0146,0.001826484,0.001260585,0.021,0.0553,-0.0224,-3.43060188433891,0.0499,-2.83826264171443,0.497803344,-0.009676952
198610,0.0857905407493676,0.0131,0.004557885,0.004207383,0.0306,0.0521,0.0386,-3.33601601860104,-0.05,-2.74580216804131,0.534629267,-0.00513866
198611,0.051453515278918,0.0138,0.000907441,0.000990594,0.0285,0.0518,-0.01,-3.38727313439534,0.0289,-2.80742408193166,0.503245802,-0.008024504
198612,4.73643703666907e-05,0.0139,0.000906618,0.001730857,0.0244,0.0535,-0.0034,-3.4065120170285,0.0267,-2.83708850994351,0.493671085,-0.002124438
198701,0.161849180235147,0.0148,0.000905797,0.001262342,0.0236,0.0553,0.0135,-3.37579699047524,-0.0018,-2.81687157191484,0.498430866,-0.011375999
198702,0.0629888449693003,0.0136,0.006334842,0.002478227,0.0235,0.0543,0.0055,-3.49716451977326,0.0161,-2.92647771223998,0.437897351,-0.005840659
198703,0.0510464081211873,0.0127,0.003597122,0.001412247,0.0204,0.0559,-0.0144,-3.53101596082988,0.0202,-2.94876676827048,0.424911983,-0.004505936
198704,0.0129562406599688,0.0125,0.004480287,0.001971095,0.0236,0.0559,0.0136,-3.55466266050302,-0.0223,-2.9610311330528,0.428040214,-0.00221743
198705,0.031579652864092,0.0119,0.005352364,0.004193906,0.0295,0.0564,-0.0029,-3.53597799368711,-0.0473,-2.96464204035008,0.431471859,0.004493005
198706,0.0724951785456933,0.0118,0.003549246,0.002489234,0.0314,0.0566,0.0053,-3.53487651750923,-0.0105,-2.98601063701092,0.430490886,0.006940958
198707,0.0718141660872455,0.012,0.003536693,0.001070421,0.031,0.0567,0.0057,-3.574611360565,0.0098,-3.04841156954942,0.407892397,0.005202462
198708,0.0572996504435741,0.0119,0.002643172,0.00081816,0.0338,0.0569,0.0059,-3.61624210938628,-0.0178,-3.06276349071095,0.383543216,0.001882197
198709,-0.00239772819583571,0.0113,0.005272408,0.001776129,0.0332,0.0604,0.009,-3.64517888985574,-0.0165,-3.065418446048,0.37045382,0.001997436
198710,-0.196548519802334,0.0113,0.005244755,0.002534831,0.0352,0.064,-0.0053,-3.61530873324467,-0.0369,-3.01022323961231,0.379966722,0.006350332
198711,-0.0540518939407008,0.011,0.002608696,0.070945138,0.0313,0.0613,-0.0116,-3.36412361589843,0.0623,-2.73090561877568,0.494850843,0.01047774
198712,0.107223521020653,0.0122,0.000867303,0.006785455,0.0362,0.0569,0.0088,-3.26918690187834,0.0037,-2.60892030168438,0.538027324,0.00989844
198801,0.0733819207021237,0.0118,0,0.006852188,0.0343,0.0577,0.0047,-3.33382473087961,0.0165,-2.64751128989823,0.508812016,0.013274756
198802,0.0718617088285221,0.0119,0.002599653,0.009157508,0.0271,0.0581,-0.0149,-3.3681741866094,0.0666,-2.66660009253201,0.503773835,0.008422745
198803,-0.00431567127941251,0.0122,0.002592913,0.001967346,0.0288,0.0566,0.0086,-3.4038931185368,0.0052,-2.68742756105921,0.476197372,0.008792264
198804,0.0397664517181067,0.0118,0.004310345,0.001659199,0.0331,0.057,0.0119,-3.36474972877305,-0.0307,-2.63377945932646,0.507529954,0.00608003
198805,0.0330513300632939,0.0123,0.005150215,0.003459561,0.0338,0.0591,0.0011,-3.36375982445948,-0.016,-2.58940273222683,0.49647449,0.005063672
198806,0.0735754996470898,0.0114,0.003415884,0.002555773,0.0326,0.0626,0.0045,-3.35665573444709,-0.0102,-2.54156419283631,0.496770255,0.001347305
198807,0.0235297799642398,0.0114,0.004255319,0.002361308,0.0271,0.0646,0.0011,-3.38884257334727,0.0368,-2.53537280631377,0.471118872,-0.005397921
198808,-0.00998787601015169,0.0115,0.004237288,0.001910619,0.0274,0.0673,0.0059,-3.37514102212307,-0.017,-2.51377460917831,0.473991535,-0.002823128
198809,0.0697215575660937,0.011,0.004219409,0.001390319,0.0244,0.0706,-0.000399999999999999,-3.32757924890254,0.0058,-2.45849052348756,0.496640662,-0.006239752
198810,0.0550295590688549,0.0108,0.006722689,0.00119274,0.0193,0.0724,-0.00190000000000001,-3.35839874612562,0.0345,-2.48178549132496,0.477540454,-0.010001514
198811,0.010028625729788,0.00899999999999999,0.003338898,0.001631542,0.0154,0.0735,-0.0035,-3.37386176997061,0.0308,-2.49257117697255,0.469597189,-0.010462473
198812,0.0440303210490609,0.0103,0.000831947,0.001347997,0.0147,0.0776,0.0027,-3.34473279024186,-0.0196,-2.45886933454381,0.47717911,-0.007764956
198901,0.101050429124176,0.0108,0.00166251,0.000628111,0.0111,0.0807,-0.0071,-3.34934612687532,0.011,-2.45903088140442,0.465283574,-0.021405748
198902,-0.00166421815598633,0.0103,0.004979253,0.000964573,0.00760000000000001,0.0827,-9.99999999999994e-05,-3.4091625930342,0.0203,-2.51089236283872,0.430769494,-0.022360511
198903,0.0487851992244649,0.0097,0.004128819,0.001176079,0.0082,0.0853,0.005,-3.37098607584347,-0.0179,-2.46495741224269,0.446778457,-0.024823372
198904,0.0777663375145385,0.0087,0.005756579,0.001286452,0.0047,0.0882,-0.0058,-3.3828500928093,0.0122,-2.46926003774542,0.468691414,-0.023102134
198905,0.060368349462669,0.0082,0.006541292,0.000955584,0.00530000000000001,0.0865,0.0054,-3.41990901407592,0.0159,-2.5146682500106,0.444435257,-0.022801967
198906,0.0173478992570285,0.00890000000000001,0.005686434,0.001073056,0.0035,0.0843,-0.00219999999999999,-3.44276453706044,0.0401,-2.5457510168249,0.433441526,-0.027714057
198907,0.114384220215396,0.0093,0.002423263,0.00142953,0.000600000000000003,0.0815,-0.0155,-3.42326434811064,0.055,-2.53435115718379,0.440562937,-0.023948071
198908,0.038807319641923,0.00939999999999999,0.002417405,0.001018826,0.00130000000000001,0.0788,-0.006,-3.49624753979654,0.0238,-2.63946194220423,0.404035089,-0.028536215
198909,0.0175187576183245,0.0092,0.001607717,0.001380451,0.00509999999999999,0.079,0.0096,-3.50008201734642,-0.0259,-2.67571482045927,0.39272706,-0.024822149
198910,-0.000902718204270596,0.00899999999999999,0.003210273,0.000550192,0.0072,0.0775,0.0021,-3.48208535553741,0.0019,-2.69044861112135,0.39920975,-0.025747099
198911,0.0418309472064135,0.00890000000000001,0.0048,0.005635911,0.00460000000000001,0.0764,-0.0103,-3.4466686383022,0.0379,-2.67655443794908,0.406414929,-0.024350638
198912,0.0472871241521802,0.0092,0.002388535,0.000844809,0.0039,0.0769,-0.000799999999999999,-3.45325308172752,0.0078,-2.7047045511095,0.397225702,-0.027032773
199001,-0.0429710264286825,0.0096,0.001588562,0.000923423,0.0053,0.0763,0.0012,-3.46471774557619,-6e-04,-2.73777455185091,0.390454744,-0.012333537
199002,0.0369814928789735,0.00950000000000001,0.010309278,0.002892048,0.0101,0.0764,0.0152,-3.38551630733,-0.0343,-2.68411979610349,0.414971396,-0.01389679
199003,0.051977077479602,0.0092,0.004709576,0.001008578,0.0102,0.0774,0.0013,-3.38618810616289,-0.0025,-2.71058436844628,0.40917309,-0.011729203
199004,-0.000130995943903402,0.00839999999999999,0.00546875,0.001032245,0.00990000000000001,0.079,0.0033,-3.40237475272887,-0.0044,-2.75284031590094,0.471333956,-0.01029144
199005,0.120121443774181,0.00839999999999999,0.001554002,0.000966777,0.0147,0.0777,0.0011,-3.3650100525897,-0.0202,-2.7319133890179,0.480284256,-0.01014928
199006,0.0171203655364685,0.00939999999999999,0.002327386,0.001361447,0.0109,0.0774,-0.003,-3.44300261277155,0.0415,-2.82627817004281,0.443569974,-0.002261811
199007,0.0207354451941901,0.0096,0.005417957,0.001350826,0.00910000000000001,0.0773,-0.0014,-3.42416741305313,0.023,-2.82376147784824,0.442949432,-0.000507275
199008,-0.0678249810908539,0.0096,0.003849115,0.001298437,0.00979999999999999,0.0762,-0.000499999999999999,-3.4140552062755,0.0107,-2.81102692540476,0.439212447,0.004885058
199009,-0.0204785994553252,0.01,0.009202454,0.005827789,0.0175,0.0745,0.0127,-3.31014068858354,-0.0419,-2.70452220561296,0.488073563,0.00143921
199010,0.0254661132540591,0.0108,0.008358663,0.001984792,0.0178,0.0736,-0.0026,-3.25277174304258,0.0117,-2.64459460560402,0.520289666,0.001372877
199011,0.0937306572159129,0.0121,0.006028636,0.004492764,0.0181,0.0717,-0.0083,-3.23897783908143,0.0215,-2.6440242496284,0.522451921,-0.000470684
199012,0.0563542202968799,0.0132,0.002247191,0.002439892,0.0152,0.0706,-0.0117,-3.29016123949552,0.0402,-2.70842423914205,0.498505655,0.000909887
199101,0.0729553181434187,0.0138,0,0.000794596,0.017,0.0674,-0.002,-3.30771134106432,0.0187,-2.73917585313008,0.48449686,-0.001845908
199102,0.097680008840267,0.0141,0.005979073,0.003193549,0.0215,0.0622,0.002,-3.34772868644372,0.013,-2.78612097881033,0.4663078,0.00072156
199103,0.0508034839377897,0.0124,0.001485884,0.002431347,0.0247,0.0594,0.0091,-3.41218183736152,0.003,-2.85754572922146,0.442720441,0.001246896
199104,0.0273676387667542,0.0116,0.00148368,0.001375056,0.0253,0.0591,0.007,-3.43348096305046,0.0038,-2.88585131517307,0.4571256,0.003251396
199105,0.0662173645834035,0.0108,0.001481482,0.002072775,0.0272,0.0565,-0.000200000000000001,-3.4328121924048,0.014,-2.91085451518948,0.461239599,0.005730157
199106,-0.0209241394875134,0.01,0.00295858,0.001585169,0.0299,0.0546,0.0039,-3.46964162966278,0,-2.97398649450044,0.439966969,0.006982105
199107,0.0728134962645449,0.00949999999999999,0.002949853,0.00117989,0.0303,0.0557,0.0045,-3.41955101076684,-0.0063,-2.95084483930406,0.458243743,0.014247489
199108,0.0466013369702334,0.00890000000000001,0.001470588,0.00110533,0.0292,0.0558,0.001,-3.45992419610997,0.0157,-3.02241236824661,0.440356782,0.014835553
199109,0.00730898733945987,0.00900000000000001,0.002936858,0.002037637,0.0285,0.0533,-0.0065,-3.4758937862326,0.034,-3.0703442058919,0.437639637,0.017331298
199110,0.0392548841764579,0.00900000000000001,0.004392387,0.000474697,0.0268,0.0522,-0.0032,-3.45307977608751,0.0303,-3.08032302772543,0.441531837,0.023289044
199111,-0.0166656909727967,0.00939999999999999,0.001457726,0.001125662,0.0292,0.0499,-0.0011,-3.46682705488914,0.0054,-3.12733339531952,0.434003454,0.025508896
199112,0.140317323823027,0.0097,0.002911208,0.00204902,0.0333,0.0456,0.0024,-3.42386589945341,0.0082,-3.11891135120837,0.46015449,0.030689947
199201,0.00606008134853727,0.00950000000000001,0.000725689,0.00204955,0.0323,0.0407,-0.0145,-3.53162020269986,0.0581,-3.26259006362264,0.420344417,0.031812384
199202,0.0368176508031383,0.0093,0.001450326,0.000872443,0.0396,0.038,0.0151,-3.50822272816111,-0.0324,-3.23791025981223,0.413229679,0.031941467
199203,0.00463581297026887,0.00939999999999999,0.003620565,0.000913228,0.0393,0.0384,0.0045,-3.51444775649056,0.0051,-3.24286493527715,0.407630525,0.033556021
199204,0.0552229544798834,0.00899999999999999,0.005050505,0.000469757,0.0393,0.0404,0.0021,-3.48909867594821,-0.0094,-3.21625348899309,0.402106034,0.041900538
199205,0.027861341303855,0.0088,0.00143575,0.001661044,0.0428,0.0375,0,-3.51671494110606,0.0016,-3.22621076933283,0.387303472,0.03866181
199206,0.00910798619509011,0.00850000000000001,0.001433692,0.000690029,0.0418,0.0363,0.0011,-3.51779206626598,0.0243,-3.20992956523819,0.382998516,0.037175489
199207,0.0665255134736452,0.0083,0.003579098,0.000752919,0.0399,0.0366,-0.0044,-3.50038629469557,0.02,-3.17546004907141,0.392042354,0.04307656
199208,0.00256591157523707,0.00770000000000001,0.0021398,0.000897463,0.0405,0.0321,-0.009,-3.53697749284153,0.0398,-3.19490849580143,0.3833487,0.041494792
199209,0.0364464386649676,0.00699999999999999,0.002846975,0.000369547,0.0412,0.0313,0.0023,-3.51066424856366,0.0067,-3.15180898317332,0.399405037,0.043049956
199210,0.0294683183089039,0.00699999999999999,0.002838893,0.000872241,0.0419,0.0291,-0.0086,-3.51770968363531,0.0185,-3.14241133448799,0.397656972,0.041137782
199211,0.0575533622659244,0.00850000000000001,0.00353857,0.000944145,0.0455,0.0286,0.0042,-3.52008001133237,-0.0198,-3.12529986637045,0.403251178,0.041096099
199212,0.0360238964698777,0.0086,0.001410437,0.000508095,0.0435,0.0313,0.0059,-3.55016734672068,0.001,-3.13625954871231,0.393626459,0.037986652
199301,0.0332453184202752,0.0083,-0.000704225,0.000471552,0.0404,0.0322,-0.0018,-3.56049082149087,0.0246,-3.12781224669454,0.394109614,0.038828688
199302,0.0366549165704652,0.0076,0.004933051,0.000348851,0.0425,0.03,-0.003,-3.56498802299082,0.028,-3.12182265848577,0.393048105,0.041753842
199303,0.0443455574395563,0.0068,0.003506311,0.001146897,0.0405,0.0293,-0.0098,-3.57289132327726,0.0354,-3.11940795820936,0.385960197,0.04072817
199304,-0.000152786919556769,0.0057,0.00349406,0.001004725,0.0407,0.0295,4e-04,-3.58890459316654,0.0021,-3.12525172283553,0.333613526,0.037106415
199305,0.0489355635066502,0.0068,0.002785515,0.001004785,0.0414,0.0287,-0.002,-3.56198193462992,0.0072,-3.10811181948652,0.334349806,0.039812686
199306,0.0260755003518471,0.0078,0.001388889,0.000817308,0.0405,0.0296,-0.0027,-3.58327729191808,0.0047,-3.13925525030617,0.324882422,0.040254629
199307,0.0200690818682164,0.00739999999999999,0.001386963,0.000573851,0.0361,0.0307,-0.0156,-3.58285771392411,0.0449,-3.14876637428576,0.325931248,0.041154021
199308,0.0598740835842437,0.0076,0,0.000608963,0.0352,0.0304,-0.0091,-3.57762022969084,0.0191,-3.12497247624172,0.323777031,0.041007787
199309,0.0144216673618117,0.00749999999999999,0.002770083,0.000281569,0.0321,0.0302,-0.0147,-3.61158449941997,0.0434,-3.14070667271361,0.313864983,0.040192937
199310,0.0445160764918122,0.0068,0.002071823,0.000470675,0.0332,0.0295,0.0038,-3.60165020270626,5e-04,-3.11287271616203,0.322351822,0.041840711
199311,0.0114348898888379,0.0064,0.004135079,0.000314227,0.0321,0.0302,-0.0045,-3.61931702223726,0.0096,-3.10819794082037,0.311362833,0.040367136
199312,0.0350291313473839,0.0073,0.000686342,0.000576352,0.0341,0.031,0.0071,-3.60477621903785,-0.0259,-3.07187353776067,0.311079411,0.04383756
199401,0.0570599854890536,0.0076,0,0.000269682,0.0348,0.0306,0.0047,-3.61328108434195,0.002,-3.0591209218722,0.305267223,0.04572687
199402,-0.00584834312896829,0.0073,0.002743484,0.000423488,0.0339,0.0298,-0.0055,-3.64182802927731,0.0257,-3.07869689013908,0.288058567,0.043671135
199403,-0.0212411232894046,0.0068,0.003419973,0.001026077,0.0357,0.0325,0.0164,-3.60788936550894,-0.045,-3.03593098759257,0.299058821,0.045041132
199404,0.0374357693717901,0.00649999999999999,0.003408316,0.000892103,0.0375,0.035,0.0012,-3.55765010121397,-0.0395,-2.9769977678189,0.307483805,0.041905088
199405,0.03769408785622,0.0064,0.001358696,0.001373668,0.0377,0.0368,0.0053,-3.56576002113175,-0.015,-2.95256666121547,0.303664786,0.039845659
199406,-0.00179183805882167,0.0063,0.000678426,0.000750503,0.0345,0.0414,0.002,-3.57476717818588,-0.0082,-2.93025773796302,0.297469476,0.039641067
199407,0.0576273038790374,0.0068,0.003389831,0.000797133,0.036,0.0414,0.0019,-3.54425667139442,-0.01,-2.86958849120014,0.308417077,0.033995564
199408,0.0620868608956066,0.00689999999999999,0.002702703,0.000327283,0.0313,0.0433,-0.0054,-3.57295885365961,0.0363,-2.8727858921458,0.296985381,0.031211217
199409,-0.00341346626453668,0.00670000000000001,0.004043127,0.000560388,0.0313,0.0448,0.0055,-3.60762806200333,-0.0086,-2.88270406901848,0.285683819,0.028706518
199410,0.0451477908992088,0.0064,0.002684564,0.000801893,0.0338,0.0462,0.0066,-3.57809183841213,-0.0331,-2.82911550801521,0.290904659,0.029003295
199411,-0.0154901444215067,0.0063,0.000669344,0.001158428,0.0314,0.0495,-0.0025,-3.59236326952984,-0.0025,-2.81062711354619,0.286071274,0.026000495
199412,0.036937430578559,0.0064,0.001337793,0.000836399,0.0279,0.0529,-0.0048,-3.54574128759347,0.0066,-2.73268495647591,0.298992614,0.022917147
199501,0.0487623956602352,0.0064,0,0.000704923,0.0239,0.056,-0.000400000000000001,-3.55169675665691,0.0161,-2.70863826345376,0.2915683,0.016594293
199502,0.0600783839003107,0.00620000000000001,0.004008016,0.000289377,0.0209,0.0571,-0.0017,-3.57568439693221,0.0273,-2.71160653650499,0.290853734,0.01509337
199503,0.0497612729580535,0.00589999999999999,0.003992016,0.000472414,0.0181,0.0577,0.000199999999999999,-3.6111231081963,0.0287,-2.7264586141607,0.278730036,0.014532095
199504,0.0499998176630379,0.0058,0.003313453,0.000484306,0.0182,0.0573,0.000399999999999999,-3.63808557542042,0.0091,-2.73324972252103,0.313876542,0.014388598
199505,0.0567607848393194,0.0057,0.00330251,0.00025692,0.018,0.0565,0.000600000000000003,-3.6608370288137,0.0169,-2.74175581295189,0.301994701,0.013012407
199506,0.0416383445971082,0.0055,0.001974984,0.001011442,0.011,0.0567,-0.0159,-3.69171060464782,0.079,-2.75871318088865,0.292264254,0.010743778
199507,0.051943871689057,0.00600000000000001,0.001971091,0.000696764,0.0123,0.0547,-0.006,-3.70798695821797,0.0139,-2.7613986964743,0.286429618,0.008274919
199508,0.0190161309636427,0.0063,0,0.000773228,0.0149,0.0542,0.0067,-3.73394635151204,-0.0168,-2.78544545384858,0.277160367,0.00706112
199509,0.059966711285912,0.0062,0.002622951,0.00020673,0.0134,0.054,-0.0022,-3.72832458199569,0.0236,-2.77794224514397,0.283046135,0.009121468
199510,0.013681674944662,0.00609999999999999,0.001962067,0.000381454,0.0135,0.0528,-0.0022,-3.76237292547756,0.0175,-2.81012505198815,0.272494998,0.006379353
199511,0.0604468005406033,0.0063,0.003263708,0.000487817,0.0113,0.0528,-0.0109,-3.75216453356549,0.0294,-2.8167611210379,0.274420245,0.012221252
199512,0.0353319966522352,0.00659999999999999,-0.000650618,0.000546163,0.0087,0.0536,-0.000699999999999999,-3.78720390184963,0.0249,-2.86875176905946,0.257168852,0.016870954
199601,0.0508831831567402,0.0067,-0.000651042,0.000820537,0.0089,0.0514,-0.0044,-3.79933467205816,0.0272,-2.89794995926964,0.255026383,0.015526517
199602,0.0250511719643203,0.00660000000000001,0.005863192,0.001383955,0.0109,0.05,0.0025,-3.82382329984469,-0.0011,-2.92926073777047,0.241877172,0.016127863
199603,0.0260468448446394,0.0064,0.003238342,0.001267631,0.0176,0.0483,0.011,-3.82317535758585,-0.0483,-2.93538820114958,0.237894737,0.016801369
199604,0.030778944257982,0.0068,0.005164622,0.001741716,0.0188,0.0496,0.008,-3.82356676519113,-0.021,-2.94248890658152,0.239299615,0.016891913
199605,0.0403946064092465,0.0069,0.003853565,0.000981838,0.0211,0.0495,5e-04,-3.83292498203505,-0.0165,-2.94734764904727,0.240075806,0.021121954
199606,0.0195956760044941,0.0068,0.001919386,0.001125291,0.0215,0.0502,0.0059,-3.85154608630755,-0.0054,-2.96153186649221,0.236923516,0.026419155
199607,-0.028760665602691,0.0069,0.00063857,0.000394804,0.0194,0.0509,-0.0031,-3.84984792844113,0.0203,-2.95544424797182,0.236443725,0.027216174
199608,0.037433032460056,0.00700000000000001,0.001914486,0.002355148,0.0192,0.0515,-8e-04,-3.79393270130785,0.0018,-2.89826374449532,0.241819894,0.031136864
199609,0.0722734042102486,0.0072,0.001910828,0.001121521,0.0221,0.0505,0.0069,-3.8035591336593,-0.0139,-2.90665321866266,0.238061118,0.030886106
199610,0.0433889266178009,0.0069,0.00317864,0.000686243,0.0195,0.0509,-0.0031,-3.84738991717149,0.029,-2.94926648925279,0.227297318,0.029580737
199611,0.0902987574140008,0.0068,0.003168568,0.000606645,0.0172,0.0499,-0.0043,-3.86785979563765,0.0404,-2.95009819117613,0.221747656,0.025655809
199612,-0.00641371060967837,0.0069,0.001895136,0.000703735,0.014,0.0503,-0.0088,-3.93336482094694,0.0351,-2.99655160993739,0.205007919,0.022067341
199701,0.0770127812298344,0.0069,0,0.001709085,0.0182,0.0491,0.007,-3.9063555899261,-0.0256,-2.95103519300464,0.20734273,0.024125687
199702,0.0211224677513297,0.0067,0.003152585,0.001360082,0.0186,0.0503,0.0051,-3.96229519989674,-0.0079,-2.99763445807408,0.196240103,0.024406933
199703,-0.0278625170839326,0.0063,0.003142678,0.001474791,0.0193,0.0501,0.0023,-3.96464025290087,5e-04,-2.99079518790412,0.194395411,0.022910927
199704,0.0740495081010179,0.0063,0.002506266,0.002001462,0.0209,0.0514,0.0031,-3.91754594224528,-0.0252,-2.93466023555848,0.214780202,0.021148543
199705,0.0725659804528936,0.00610000000000001,0.00125,0.003005081,0.0189,0.0516,-0.0071,-3.97205426624265,0.0255,-2.9888599925793,0.201741048,0.01694529
199706,0.0576320981204151,0.0062,-0.00062422,0.002007456,0.0196,0.0505,0.0031,-4.0267295433908,0.0097,-3.04322571199462,0.192878588,0.01326445
199707,0.0910255527220759,0.00609999999999999,0.001249219,0.001974463,0.0195,0.0493,-0.000799999999999999,-4.06701948348783,0.0195,-3.08321004402585,0.184287615,0.010846707
199708,-0.0455300695269737,0.00609999999999999,0.001247661,0.002010215,0.0132,0.0505,-0.0098,-4.13846895742606,0.0626,-3.15769227408559,0.171964943,0.011592659
199709,0.0658098807224655,0.00600000000000001,0.001869159,0.002464722,0.0158,0.0514,0.0077,-4.07554237045069,-0.0317,-3.09779135927405,0.185505404,0.012877263
199710,-0.0224247786409323,0.0055,0.002487562,0.002626494,0.0154,0.0495,-0.009,-4.12358735156845,0.0316,-3.14884191675247,0.177967857,0.014634266
199711,0.0575782506976145,0.0057,0.00248139,0.009363821,0.0126,0.0497,-0.015,-4.08494018947886,0.0341,-3.12133124798591,0.190000677,0.016262826
199712,0.0271635452317783,0.0055,-0.000618812,0.00266211,0.01,0.0514,-0.0047,-4.12501960372266,0.0148,-3.17258336952096,0.180746299,0.015667208
199801,0.021878030346701,0.00560000000000001,-0.00123839,0.002249374,0.0086,0.0516,-0.0021,-4.13709281543334,0.0184,-3.19588443306157,0.178800884,0.015559471
199802,0.0824635244040914,0.0058,0.001859888,0.002468843,0.0085,0.0504,-0.0063,-4.14409920163106,0.02,-3.20749512205013,0.178840273,0.013739636
199803,0.0609588251115951,0.0058,0.001856436,0.001053348,0.009,0.0509,0.0065,-4.20909457848641,-0.0072,-3.27708755582872,0.165463097,0.012056377
199804,0.0190756810289522,0.00600000000000001,0.001852996,0.001136786,0.0099,0.0503,0.0013,-4.25475943202999,0.0025,-3.32734228597963,0.181140396,0.016488861
199805,-0.00856409232867851,0.0064,0.001849568,0.001614764,0.0109,0.0495,0.0027,-4.25723128908091,0.0026,-3.34119465452739,0.175872922,0.016405366
199806,0.0499686303503538,0.00609999999999999,0.001846154,0.000958823,0.0092,0.05,-0.0015,-4.23170477800953,0.0182,-3.32702916830789,0.179102206,0.019075206
199807,-0.00148346627059567,0.00600000000000001,0.001228501,0.002097344,0.0078,0.0498,-0.0113,-4.2639065516278,0.0228,-3.37057326150803,0.178060606,0.024010577
199808,-0.135740092989698,0.00599999999999999,0.001226994,0.002228176,0.0088,0.0496,-0.0016,-4.24819992663295,-0.004,-3.36644464817897,0.179438109,0.025353565
199809,0.0746694896685328,0.00620000000000001,0.00122549,0.009333917,0.0057,0.049,-0.0376,-4.08660051493024,0.0465,-3.21647346047599,0.211432092,0.028519029
199810,0.0929893157484499,0.0069,0.00122399,0.009971017,0.0056,0.0461,0.0018,-4.14313570966652,0.0395,-3.2846704483514,0.203248404,0.024082909
199811,0.0707556329238934,0.0081,0.002444988,0.005171528,0.0144,0.0396,0.0028,-4.21929801906016,-0.0218,-3.36523573275968,0.185519077,0.020740089
199812,0.0665001643009425,0.0093,0,0.001936679,0.0094,0.0441,0.0173,-4.27566595762188,0.0097,-3.42602017726598,0.174846845,0.022003577
199901,0.0507593424436364,0.0101,-0.000609756,0.003286897,0.0103,0.0439,0.0042,-4.32944068345301,-0.0032,-3.48421792480604,0.173611315,0.020057029
199902,-0.0229882001541966,0.0105,0.002440513,0.003335614,0.0102,0.0434,0.000200000000000001,-4.36441513446929,0.0121,-3.51850471306635,0.170320619,0.015587699
199903,0.0477866131384145,0.00989999999999999,0.001217286,0.00348215,0.0143,0.0444,0.0119,-4.32641684386505,-0.052,-3.47981761183686,0.17127681,0.018446668
199904,0.0470377220731547,0.00910000000000001,0.003039514,0.003213587,0.0148,0.0444,0.001,-4.35931489216722,-8e-04,-3.51204308667769,0.172897171,0.020668122
199905,-0.0160454860825905,0.0084,0.007272727,0.002726626,0.0165,0.0429,-0.0045,-4.39657494647315,0.0021,-3.52661520435776,0.156825876,0.025181266
199906,0.0630807372875818,0.0079,0,0.003085649,0.0165,0.045,0.000899999999999998,-4.37131179894633,-0.0185,-3.47916058398417,0.160231135,0.025897435
199907,-0.0238099176594042,0.00789999999999999,0,0.002409247,0.017,0.0457,-0.0082,-4.42433827787127,-0.0078,-3.51048241449979,0.154227447,0.018868581
199908,0.00232913685308294,0.0076,0.003008424,0.001611178,0.0184,0.0455,-0.0036,-4.38786579405199,-0.0077,-3.45430173350738,0.158796473,0.019370442
199909,-0.0198412487896087,0.00750000000000001,0.00239952,0.002729849,0.0177,0.0472,0.0027,-4.37769947849779,-0.0053,-3.42496268219858,0.156243027,0.018880738
199910,0.0716336200080153,0.00810000000000001,0.004787552,0.002704943,0.0178,0.0468,9e-04,-4.3448607765894,0.0084,-3.37345017679519,0.163684498,0.020379679
199911,0.0277030094334839,0.0083,0.001786778,0.004875975,0.0165,0.0486,0.0059,-4.40450149156448,-0.0012,-3.40268866498163,0.157690661,0.020445237
199912,0.06547162979664,0.0079,0.00059453,0.001354267,0.0155,0.0507,0.0037,-4.42236395403697,-0.0061,-3.39110313464023,0.155545967,0.018280454
200001,-0.0436183832597279,0.0064,0,0.001148775,0.0162,0.052,0.0053,-4.47757778276345,-0.0155,-3.41777092485063,0.147167259,0.017888757
200002,-0.0123952089374867,0.0055,0.002970885,0.0052063,0.0134,0.0532,-0.0249,-4.42393805487803,0.0228,-3.34647069977415,0.15465416,0.025358781
200003,0.104297998409245,0.00610000000000001,0.005924171,0.003000466,0.0091,0.0555,-0.0172,-4.40222605618722,0.0264,-3.30746056304566,0.167056433,0.027418814
200004,-0.0242128958603456,0.0069,0.008244994,0.006678316,0.0049,0.0569,-0.0198,-4.49315885237504,0.0367,-3.38142851238302,0.149973562,0.01829139
200005,-0.0153885246909514,0.00760000000000001,0.000584112,0.007941747,0.0064,0.0566,-0.0039,-4.46303095241565,-0.0076,-3.34382314594361,0.152600418,0.011944946
200006,0.0316999398736415,0.0091,0.001167542,0.005185423,0.0061,0.0579,-0.0107,-4.44203163996069,-0.0054,-3.31537687960968,0.155668731,0.009178528
200007,-0.00972801900046201,0.0081,0.005247813,0.002359757,0.0053,0.0569,0.0082,-4.46683801602021,0.0244,-3.33278215532461,0.156777962,0.007124213
200008,0.0672194991576639,0.00700000000000001,0.002320186,0.002065433,0.0015,0.0596,6e-04,-4.45751130205706,0.0173,-3.30494350360864,0.155674151,0.004712234
200009,-0.04779894142587,0.00710000000000001,0,0.001039253,-0.0015,0.0609,-0.0105,-4.52364048316806,0.024,-3.35263503473157,0.146053064,0.004674638
200010,0.000828177135577795,0.0073,0.005208333,0.001599995,0.0012,0.06,0.0203,-4.47592744549047,-0.0157,-3.28655883824472,0.153789463,0.004468926
200011,-0.0737548017461926,0.0079,0.001727116,0.005568209,-0.0011,0.0611,-0.0142,-4.47251454400822,0.0187,-3.30483137214687,0.149300789,0.00374428
200012,0.0114396990684507,0.0083,0.000574713,0.003272414,-0.0041,0.0617,-0.0056,-4.39061583289461,0.0319,-3.24516420981715,0.157280893,0.001157452
200101,0.04149980963356,0.0081,-0.000574383,0.005299248,-0.0019,0.0577,0.0027,-4.39621473214083,0.0243,-3.27357610886987,0.151851504,-0.002261747
200102,-0.0843176113806205,0.0078,0.006321839,0.004941018,0.0047,0.0515,0.0354,-4.43638655972295,5e-04,-3.3384980189871,0.150449666,-0.003192591
200103,-0.0555138492625638,0.00770000000000001,0.003997716,0.00252841,0.00609999999999999,0.0488,-0.0064,-4.3457209769902,0.0191,-3.27352209481177,0.156070091,-0.006855721
200104,0.086605374706631,0.0086,0.002275313,0.007139595,0.0117,0.0442,0.0045,-4.28555992959366,-0.0074,-3.24006695198859,0.133113551,-0.005213444
200105,0.0145261245821674,0.0087,0.003972758,0.007426261,0.0206,0.0387,0.0185,-4.36557632078331,-0.0313,-3.37962943252425,0.122496901,-0.002543026
200106,-0.0153090270545134,0.00779999999999999,0.004522329,0.002536237,0.0232,0.0362,0.0095,-4.37669298373549,0.0037,-3.45486560730275,0.120510188,-0.000248286
200107,-0.00094335367361263,0.00789999999999999,0.001688239,0.001508358,0.0241,0.0349,-0.003,-4.35745394667858,0.0085,-3.50499647235237,0.125209433,0.005040755
200108,-0.0542256260494474,0.00839999999999999,-0.002808989,0.002899613,0.021,0.0351,-0.0015,-4.34555897911012,0.0376,-3.57411112133373,0.124966583,0.007913837
200109,-0.0706377923426687,0.0083,0,0.002221521,0.021,0.0336,-0.005,-4.27824678856576,0.0206,-3.59474885754802,0.132164144,0.009918321
200110,0.0310197969011109,0.0086,0.004507042,0.007167594,0.0278,0.0264,-0.0233,-4.19192834897953,0.0081,-3.60466433094248,0.148628588,0.008652734
200111,0.0883283357383075,0.0088,-0.003365115,0.003249773,0.029,0.0216,-0.00269999999999999,-4.2097829276045,0.0464,-3.66616112670555,0.1449014,0.010749274
200112,0.0198886353949791,0.0084,-0.001688239,0.002189358,0.0366,0.0187,0.0283,-4.28217832137242,-0.0471,-3.78418542136844,0.133481367,0.011161767
200201,-0.00326587688193252,0.0128,-0.003945885,0.001797958,0.0406,0.0169,0.0093,-4.28964101787342,-0.0183,-3.83944795750559,0.131217846,0.013464825
200202,-0.00814458132001159,0.0132,0.002263724,0.00218388,0.0404,0.0165,0.0037,-4.2741543231126,0.0138,-3.82361793541885,0.132560549,0.01119129
200203,0.0496527476233084,0.0138,0.003952569,0.002567843,0.0391,0.0172,0.0015,-4.25338551524349,0.0115,-3.80249536905122,0.130119086,0.012499021
200204,-0.049117384216015,0.013,0.005624297,0.002014821,0.0425,0.0179,0.0141,-4.28967535970315,-0.0436,-3.8384418331394,0.236833402,0.013759444
200205,0.00431728113286989,0.0127,0.005592841,0.002319778,0.0404,0.0171,-0.0157,-4.21976402446962,0.041,-3.74789893170268,0.247732313,0.015106854
200206,-0.0587339815276733,0.0134,0,0.00410161,0.0405,0.0173,0.0098,-4.20415675084955,0.0015,-3.7123358799951,0.248255614,0.02227734
200207,-0.0643705383619432,0.0132,0.000556174,0.003707947,0.0396,0.017,-0.0114,-4.12248974916263,0.0187,-3.61135243384407,0.266572502,0.027522771
200208,0.0209008408708081,0.0137,0.001111729,0.015342791,0.0376,0.0168,-0.0209,-4.04520030316094,0.0303,-3.48874940111177,0.282032195,0.028441026
200209,-0.0941659492052136,0.0121,0.003331483,0.009409291,0.0348,0.0162,-0.0012,-4.05509529942434,0.0464,-3.45486805976497,0.284411556,0.024747698
200210,0.104527336578719,0.0125,0.00166021,0.007366113,0.0317,0.0163,-0.0087,-3.94359723127916,0.0417,-3.30101405127394,0.324555156,0.029299296
200211,0.0739139555155582,0.0141,0.001657459,0.011589636,0.035,0.0158,0.0054,-4.02071200110743,-0.0294,-3.4114796972585,0.293437064,0.025670932
200212,-0.044264586459097,0.0131,0,0.004449075,0.0398,0.0123,0.0252,-4.0704647583317,-0.0122,-3.49532158538887,0.276975499,0.022907597
200301,-0.0100877229240679,0.0124,-0.002206288,0.002639538,0.0365,0.0119,-0.0146,-4.00251428130491,0.0507,-3.46226395286624,0.295385896,0.025735981
200302,0.000998266157187298,0.0118,0.004422333,0.005167574,0.0378,0.0117,0.0127,-3.97161100216909,-0.0106,-3.4020157601494,0.305942307,0.028288956
200303,0.0266459850143576,0.0111,0.007705008,0.00256412,0.0355,0.0117,-0.0065,-3.95136498849154,0.0329,-3.35343525059927,0.312251321,0.027918711
200304,0.0991494067385288,0.0106,0.006007646,0.006136118,0.0373,0.0113,0.0055,-3.95660125000923,-0.0135,-3.33128531664383,0.286117701,0.024098595
200305,0.0676502237162881,0.0111,-0.002171553,0.00306481,0.0368,0.0113,0.0127,-4.03574358833124,0.0102,-3.36375762185237,0.269654031,0.019966885
200306,0.027108927525238,0.0116,-0.001632209,0.00222832,0.0329,0.0107,-0.0121,-4.08659954141153,0.0592,-3.36992488093835,0.258375506,0.00644811
200307,0.0322453147156925,0.0122,0.001089918,0.001997701,0.036,0.0092,0.0011,-4.09908636939022,-0.0154,-3.33952723035394,0.254488337,0.001261884
200308,0.0337800542383537,0.0113,0.001088732,0.002046016,0.0452,0.009,0.0101,-4.10652781709034,-0.0982,-3.31746737687608,0.247643335,0.000271581
200309,0.00371019572352414,0.0113,0.003806417,0.000966056,0.0437,0.0095,0.0053,-4.11566932435239,0.0166,-3.29843853512777,0.242856073,0.002917018
200310,0.0711822292828471,0.0107,0.003250271,0.001869089,0.0396,0.0094,-0.00430000000000001,-4.09515817062003,0.0546,-3.25098312917146,0.246541783,0.007323402
200311,0.0227212649578684,0.0103,-0.001079914,0.001407613,0.0426,0.0092,0.008,-4.13273425911437,-0.0283,-3.22034495845093,0.233308967,0.007211426
200312,0.066394612023728,0.0101,-0.002702703,0.000919663,0.0426,0.0093,0.0079,-4.12415319721905,-0.0027,-3.14984168919136,0.233754152,0.010000789
200401,0.0324033458282406,0.0098,-0.001084011,0.0008937,0.0421,0.009,0,-4.15823576431668,0.0139,-3.12734348157944,0.218739865,0.006946316
200402,0.0273554105381303,0.009,0.004883342,0.000978793,0.0411,0.0088,0,-4.1631871528161,0.0187,-3.1224214271047,0.218027721,0.006886502
200403,-0.00151622144158878,0.00770000000000001,0.005399568,0.000610751,0.039,0.0093,-0.0052,-4.16329126891195,0.023,-3.11298332678403,0.21605322,0.009361322
200404,-0.00141528472033745,0.0078,0.006444683,0.00198125,0.038,0.0094,-0.0023,-4.13490908906866,0.0141,-3.07536957361718,0.281731466,0.012282038
200405,0.0281090212537799,0.00730000000000001,0.003201708,0.001230938,0.0437,0.0094,0.0054,-4.10734114292513,-0.0588,-3.03218193573181,0.285371867,0.01376628
200406,0.0337882485869757,0.0071,0.005851064,0.000977615,0.0437,0.0102,-0.002,-4.10883495120121,-0.0051,-3.01860857789197,0.286411574,0.016330083
200407,-0.0188205795378798,0.0077,0.003172924,0.00077077,0.0405,0.0127,-0.0028,-4.11625101033866,0.0121,-3.01149343097449,0.279631603,0.014491427
200408,0.0184119141453421,0.00799999999999999,-0.001581444,0.000777094,0.039,0.0133,0.0029,-4.07135628173222,0.0155,-2.9670300456074,0.28778831,0.014720671
200409,0.0256185281964873,0.0081,0.000527983,0.001442852,0.0345,0.0148,0,-4.06373757170001,0.0395,-2.95983435809431,0.286820616,0.014278697
200410,0.0301913149588236,0.0081,0.002110818,0.000705683,0.0323,0.0165,5e-04,-4.06325159483117,0.0096,-2.95976332152436,0.289485302,0.009132256
200411,0.0542160415899429,0.0074,0.005265929,0.001230469,0.0302,0.0176,0.001,-4.07232718671497,0.0154,-2.96918976899323,0.291009597,0.007428856
200412,0.0474224232751744,0.0068,0.000523835,0.000857426,0.0295,0.0207,0.0034,-4.10537792810308,-0.0234,-3.00258811459942,0.279831646,0.01217691
200501,-0.0106314958042543,0.0068,-0.003664922,0.00072785,0.0265,0.0219,0.000699999999999999,-4.13252548345119,0.025,-3.03008006780634,0.270619243,0.013001505
200502,0.0342051168781951,0.00659999999999999,0.002101944,0.000821405,0.0232,0.0233,-0.0023,-4.09357450146772,0.03,-2.99500112472079,0.278179856,0.013545496
200503,-0.00441168974050437,0.0062,0.005768222,0.000834444,0.0225,0.0254,0.0016,-4.09914169314853,-0.0128,-3.00435525375618,0.271041024,0.011758414
200504,-0.00487750992114188,0.0066,0.007820647,0.000859895,0.0214,0.0274,-0.0053,-4.06685012955681,-0.0072,-2.97576506944777,0.319856889,0.009097231
200505,0.0454411431100076,0.0072,0.006725298,0.001825894,0.0183,0.0278,-0.0046,-4.03506740503635,0.0373,-2.93876491396668,0.329624401,0.007935562
200506,0.0151218604225712,0.0086,-0.001027749,0.000859416,0.0156,0.0284,-0.000200000000000002,-4.05323564285948,0.0297,-2.95186277464736,0.320965505,0.004776613
200507,0.0512882522480035,0.009,0.000514403,0.000542119,0.0132,0.0297,-0.0026,-4.04188099268636,0.0167,-2.9355723911844,0.326979057,0.00536566
200508,0.00303197485562261,0.0089,0.004627249,0.000649908,0.0134,0.0322,0.0044,-4.06855732190815,-0.0288,-2.95413597550372,0.315734275,0.004480076
200509,0.0216475581099391,0.0087,0.005117707,0.000696723,0.0088,0.0344,-0.01,-4.04868608556067,0.0333,-2.92635433449112,0.320533125,0.005404939
200510,-0.00276203484141686,0.009,0.012219959,0.000659901,0.0122,0.0342,0.0028,-4.04709831295656,-0.0338,-2.91705078232764,0.31789151,0.006716401
200511,0.0502910139309838,0.0095,0.002012072,0.001817986,0.0113,0.0371,-0.000800000000000002,-4.01770023988192,-0.0196,-2.88244146295509,0.321808187,0.005749306
200512,0.0136329094684325,0.0097,-0.008032129,0.000539899,0.0093,0.0388,0.0023,-4.04090955103921,0.0076,-2.90058799470136,0.310914346,0.005767966
200601,0.0399217433311209,0.00950000000000001,-0.004048583,0.000432998,0.00720000000000001,0.0389,-0.0042,-4.0287171437256,0.0267,-2.88346617687216,0.313477957,0.003058886
200602,0.0147098698005552,0.00949999999999999,0.007621951,0.000975425,0.005,0.0424,0.0025,-4.04538031694382,-0.0118,-2.89514800447013,0.309226258,-0.00044574
200603,0.0251934959742917,0.00920000000000001,0.002017146,0.000648536,0.0014,0.0443,-0.011,-4.03741548352341,0.0238,-2.88231518907643,0.305610361,0.002038323
200604,0.0263258386355369,0.0088,0.005535984,0.000545251,0.0056,0.0451,0.0135,-4.04010704776467,-0.0539,-2.88023693836569,0.316009441,0.002151995
200605,-0.0174912758434158,0.0084,0.008508509,0.000599807,0.0072,0.046,0.0023,-4.04267983042818,-0.0247,-2.8840052700686,0.308841978,-0.003472518
200606,0.0145476097802308,0.00800000000000001,0.004962779,0.001355164,0.0063,0.0472,-0.003,-4.00185921369365,0.001,-2.84435622172237,0.314340308,-0.002656738
200607,0.0197181818480818,0.0089,0.001975309,0.002102816,0.0052,0.0479,-0.0053,-3.99261367719914,0.0092,-2.83626475918069,0.31485029,-0.002195489
200608,0.0357852182349149,0.00909999999999999,0.002957122,0.001451663,0.0023,0.0495,0.0038,-3.98835619864697,0.0199,-2.82324486576629,0.313852175,-0.00236312
200609,0.0389557352589927,0.0091,0.001965602,0.000469252,0,0.0496,0.0062,-4.00016736100261,0.0299,-2.8265247138281,0.308461799,-0.008473987
200610,0.0456510178717213,0.00919999999999999,-0.004904365,0.000513395,0.000300000000000002,0.0481,0.0013,-4.01527722072665,0.017,-2.8333331251564,0.300593284,-0.009493486
200611,0.0301435995094331,0.00909999999999999,-0.00542139,0.000450588,-0.0011,0.0492,0.005,-4.03545583401774,0.0077,-2.85195915447756,0.290599161,-0.00893474
200612,0.0263900210971117,0.0087,-0.00148662,0.000592195,-0.0027,0.0494,0.0039,-4.0410654924219,0.0207,-2.85604762857626,0.287241868,-0.015111029
200701,0.0273570253150084,0.009,0.001488834,0.000357531,0.000599999999999996,0.0485,0.000400000000000001,-4.04298922364779,-0.0236,-2.8564885381942,0.2816824,-0.015036779
200702,-0.00805446527618658,0.0094,0.003052527,0.000450484,0.000400000000000005,0.0498,0.0051,-4.04881368083207,-0.0102,-2.86376495109688,0.278144211,-0.013986664
200703,0.0238108947034562,0.00889999999999999,0.005350368,0.001476855,-0.0026,0.0503,-0.0048,-4.0186503779374,0.0335,-2.83503748585796,0.286148494,-0.015141024
200704,0.0570015551937735,0.00970000000000001,0.009105696,0.001587526,-0.000100000000000003,0.0494,-0.0086,-4.02057447071526,-0.0145,-2.83837139543705,0.269050014,-0.012486353
200705,0.0459597862670953,0.0092,0.006496163,0.000582146,0.000199999999999999,0.0487,0.0055,-4.05415575448872,0.0085,-2.87367828838057,0.254456169,-0.0089119
200706,-0.00471068429497811,0.0092,0.006110719,0.000696573,0.00369999999999999,0.0473,0.0022,-4.07746081123036,-0.02,-2.89868455840457,0.243911494,-0.010283118
200707,-0.0183870058040769,0.0091,0.001937975,0.001472436,0.006,0.0461,-0.0057,-4.05083751369961,-0.0091,-2.87373335038829,0.24789561,-0.011064006
200708,0.0270254768220894,0.00920000000000001,-0.000254377,0.002426262,0.0019,0.0482,-0.0316,-4.00809518980528,0.0284,-2.86634839265186,0.251584964,-0.015261855
200709,0.0509018126089319,0.0086,-0.001833902,0.005133964,0.0067,0.042,-0.0047,-4.01073893343812,0.0199,-2.90489801974822,0.248839851,-0.012197538
200710,0.0294622566390957,0.0085,0.002755907,0.001868477,0.01,0.0389,0.0123,-4.03587485305576,0.0012,-2.96651596685532,0.239207437,-0.013015004
200711,-0.0297010783867883,0.0082,0.002139191,0.001682878,0.009,0.039,-0.0067,-4.04131653047759,0.0155,-3.03533866047089,0.23861706,-0.0179548
200712,0.00739856533290332,0.0096,0.005939618,0.005636836,0.0118,0.0327,-0.0389,-3.9870834004215,0.0468,-3.04750113270142,0.248579692,-0.025158604
200801,-0.0442455002805171,0.0116,-0.000670863,0.00234533,0.015,0.03,0.0057,-3.96931442963749,-0.0029,-3.09951253106655,0.250582973,-0.040637294
200802,-0.0156678764889375,0.0121,0.004970577,0.004831786,0.0161,0.0275,-0.0196,-3.899372592549,0.0213,-3.06599488245784,0.262754422,-0.043179153
200803,0.0136114844727656,0.0129,0.002904112,0.003225642,0.0226,0.0212,-0.0089,-3.85721126182863,0.0018,-3.0611141594248,0.270979321,-0.049608215
200804,0.0672487942890583,0.0138,0.008668213,0.006337673,0.0306,0.0126,-0.0165,-3.84449790750182,0.0106,-3.0865952614563,0.254057567,-0.051831559
200805,0.0294989715325921,0.0142,0.006064778,0.00290373,0.0329,0.0129,0.0379,-3.88613042706899,-0.0288,-3.18411928716607,0.243014696,-0.048844729
200806,-0.0671579319479968,0.0136,0.008420886,0.001640653,0.0302,0.0173,-0.0113,-3.89195619903128,-0.0164,-3.2485594760176,0.246510612,-0.04546239
200807,0.0111099520012641,0.0139,0.010076997,0.003425241,0.0274,0.0186,-0.0281,-3.79730020306836,0.022,-3.21556101243449,0.274491388,-0.047376886
200808,0.0336206788878309,0.0149,0.005251011,0.004465847,0.0302,0.0163,-0.0084,-3.78574586323079,-0.0025,-3.24145641592659,0.273815655,-0.046931845
200809,-0.0697978713140574,0.0151,-0.003991562,0.003447847,0.0277,0.0172,-0.0121,-3.79621585491336,0.0242,-3.29070448266816,0.269889246,-0.046333437
200810,-0.145619204159727,0.0166,-0.001383019,0.023774669,0.033,0.0113,-0.0975,-3.69939443558996,0.0112,-3.23408921831185,0.287123548,-0.048922844
200811,-0.0456855550089979,0.026,-0.010101333,0.058088525,0.0411,0.0067,-0.0067,-3.51916869310583,-0.0383,-3.30384916276903,0.334099374,-0.055954167
200812,0.0394950013389271,0.0309,-0.019152895,0.036256881,0.0353,0.0019,-0.0269,-3.44680702261199,0.1443,-3.56990894997475,0.352867356,-0.052779575
200901,-0.0546474398007196,0.0338,-0.010342474,0.020090081,0.03,3e-04,0.0593,-3.46006807613736,0.0967,-4.1059813406228,0.354984225,-0.024498464
200902,-0.0765732114482434,0.0309,0.004352417,0.011971096,0.0381,0.0013,0.0175,-3.38389860576257,-0.1124,-4.21446450319393,0.38939314,-0.025056138
200903,0.122281620889741,0.0281,0.004972933,0.009961209,0.0371,0.003,-0.0252,-3.28100756237336,-0.0056,-4.34520200804808,0.441103055,-0.024927495
200904,0.127290808012689,0.0292,0.002431749,0.020364379,0.0334,0.0021,-0.0659,-3.37670868639456,0.0641,-4.75623823517301,0.446140845,-0.037427388
200905,0.0830394931313803,0.03,0.002496368,0.00755104,0.0394,0.0016,0.0619,-3.48700563847227,-0.0649,-4.81491019448023,0.415597469,-0.030993037
200906,0.0279414350320884,0.0252,0.002888764,0.00638114,0.0414,0.0018,0.0737,-3.55967721772082,-0.0248,-4.83648233176135,0.399355084,-0.024348757
200907,0.101268081403965,0.0189,0.008589892,0.003472526,0.0411,0.0018,0.0267,-3.58127631730133,0.0083,-4.80739880054069,0.401876406,-0.022097491
200908,0.058235667494097,0.0168,-0.001585587,0.003771055,0.0412,0.0018,0.0546,-3.67509312365103,0.0019,-4.67739945748783,0.370125856,-0.013781643
200909,0.0590415072238049,0.0132,0.00224285,0.002177724,0.0398,0.0017,0.000400000000000001,-3.73090977767216,0.0231,-4.542775429003,0.357471557,-0.007921404
200910,0.00237664131380797,0.0118,0.000625481,0.001912629,0.0391,0.0012,0.0097,-3.78934536984337,0.0176,-4.43434213370493,0.349521431,-1.43322e-05
200911,0.0794677617039347,0.0114,0.000963101,0.003897966,0.0413,7e-04,0.0187,-3.79047149555578,-0.0171,-3.71052707365033,0.349505237,0.003197599
200912,0.0381200245318078,0.0113,0.000707753,0.002001319,0.0401,5e-04,-0.0164,-3.8677863497091,0.0208,-3.35729697269025,0.328149106,0.00753192
201001,-0.0170316563536903,0.0111,-0.001761198,0.000933435,0.0453,5e-04,0.0309,-3.90741521773321,-0.0584,-3.08546214161937,0.32553066,0.010594468
201002,0.0490664605585407,0.0099,0.003417474,0.001991703,0.0435,6e-04,-0.0168,-3.87722168763094,0.0264,-2.98468417699464,0.337194668,0.013409685
201003,0.0785281501164175,0.0099,0.000249207,0.002373245,0.043,0.0011,7e-04,-3.91287443933042,0.0032,-2.95344280520436,0.328771382,0.013932077
201004,0.0334277065294718,0.01,0.004106284,0.000633409,0.0443,0.0015,0.0224,-3.97760246104805,-0.0179,-2.95454606533374,0.38187817,0.026390108
201005,-0.0635431014561052,0.0096,0.001736885,0.001793835,0.0421,0.0016,0.0053,-3.99023351013128,0.0304,-2.93599960491267,0.376606129,0.026651121
201006,-0.0337539912001112,0.0109,0.000775197,0.008107843,0.0391,0.0016,-0.0488,-3.90268096415957,0.0437,-2.81833834231243,0.409002795,0.025719664
201007,0.0901604080228254,0.0135,-0.000976267,0.005591755,0.0364,0.0012,0.0073,-3.84528030527224,0.0446,-2.73181912016222,0.424176542,0.018775881
201008,-0.0273533537512411,0.0129,0.000211043,0.003348786,0.0361,0.0016,0.0146,-3.90702914115738,0.0024,-2.77496336227021,0.396133553,0.015556761
201009,0.108753273275614,0.0117,0.001380664,0.002704602,0.0311,0.0016,-0.0229,-3.85366851176146,0.0702,-2.70351521842354,0.413981619,0.011217719
201010,0.0564530193705044,0.0113,0.000581736,0.002337183,0.0326,0.0015,9e-04,-3.93287507909965,-0.0153,-2.76511583765397,0.384305783,0.003337509
201011,0.0167126243732617,0.0104,0.001245199,0.00108007,0.0354,0.0013,0.0114,-3.96347822065989,-0.0317,-2.77616151527112,0.372887286,0.007231642
201012,0.0844529676018438,0.0105,0.000420646,0.001737952,0.0366,0.0014,0.008,-3.95562210087071,-0.0137,-2.74933818872573,0.376694754,0.014798007
201101,0.0408043973535993,0.0108,0.001718441,0.000832136,0.04,0.0014,0.0352,-4.01335058560888,-0.0388,-2.78865165076582,0.358100317,0.012611849
201102,0.0498930072078589,0.0105,0.00476323,0.00086323,0.0417,0.0015,-0.000200000000000002,-4.02550098810468,-0.0196,-2.79412332470026,0.348632224,0.015367885
201103,0.0165068976022495,0.0093,0.004931365,0.001065533,0.0413,0.0013,0.0044,-4.04681884811543,0.0113,-2.80894018122083,0.339096574,0.015918108
201104,0.0463968231221197,0.009,0.009751072,0.002347264,0.0419,0.001,-0.0066,-4.03573402546533,-6e-04,-2.79152494717888,0.354269939,0.012476022
201105,0.00412705978982271,0.0086,0.00643943,0.00063653,0.041,6e-04,0.004,-4.05096961450831,0.0199,-2.80918214342139,0.340696801,0.0093802
201106,-0.000162801070472751,0.0082,0.004704188,0.000934204,0.0387,4e-04,-0.0098,-4.02467454865302,0.0355,-2.78525618748921,0.347222189,0.009116844
201107,-0.00283120305306528,0.0076,-0.001070967,0.002294747,0.0405,4e-04,-0.0031,-3.99370957521444,-0.0179,-2.7566037655679,0.351570039,0.011733553
201108,-0.0376220490443484,0.0083,0.000886046,0.00183074,0.0374,4e-04,0.0051,-3.96056364181311,0.0422,-2.72261037255302,0.359418903,0.012370561
201109,-0.0511030527775271,0.0099,0.002757589,0.019222216,0.0313,2e-04,-0.0622,-3.89078792420285,0.0862,-2.6520081110171,0.375812522,0.012726562
201110,0.130345671810645,0.0118,0.001518462,0.006915859,0.0264,1e-04,-0.0129,-3.80513901808049,0.0704,-2.56555055279739,0.399922847,0.013049302
201111,0.015694805712918,0.0139,-0.002062683,0.007400855,0.0289,2e-04,0.04,-3.89111098299029,-0.0306,-2.6679721200158,0.365077905,0.007892508
201112,0.0297242894719958,0.0127,-0.000843561,0.007679603,0.0272,1e-04,-0.0607,-3.86997125476138,0.0251,-2.66301562536784,0.362329898,-0.004340313
201201,0.0648412054707381,0.0132,-0.002466516,0.002764092,0.0254,1e-04,0.0242,-3.86264988991864,0.027,-2.67162718087465,0.357232541,-0.006497331
201202,0.0611955867449958,0.0138,0.004400191,0.000648134,0.0246,3e-04,0.0192,-3.89367303553447,2e-04,-2.70821022487751,0.345487303,-0.013062132
201203,0.051361226641673,0.0129,0.004402974,0.0006237,0.0263,9e-04,0.0253,-3.92195367593917,-0.0196,-2.74195730768678,0.336973935,-0.014466313
201204,0.0121516965217577,0.0124,0.007594559,0.00115527,0.0289,8e-04,-9.99999999999994e-05,-3.94143307576861,-0.0302,-2.76680486053107,0.346181967,-0.01377505
201205,-0.0427224098911347,0.0123,0.00302103,0.001627545,0.026,8e-04,-0.0158,-3.92219322439467,0.0409,-2.76161638307947,0.346140311,-0.012414026
201206,0.0611677974250762,0.0127,-0.001173479,0.001496091,0.0212,9e-04,-0.0299,-3.8459119289244,0.0643,-2.69925874114204,0.36904736,-0.015270754
201207,0.033698904680801,0.0138,-0.001466397,0.003437228,0.0224,9e-04,0.02,-3.87325868528687,-0.0136,-2.74039964401702,0.355103885,-0.019043064
201208,0.0408090761361687,0.0147,-0.001629786,0.00155284,0.0206,0.001,0.0365,-3.87094120647885,0.0247,-2.75831643818156,0.351593705,-0.020320773
201209,0.0451729365072952,0.0143,0.005565158,0.000727127,0.0213,0.001,-0.0025,-3.87588885753753,-0.0068,-2.78331533008901,0.349387052,-0.019782956
201210,0.00103301949986453,0.0135,0.004462212,0.001044635,0.0224,0.0011,0.002,-3.88542709572756,-0.0146,-2.81271914820185,0.340382954,-0.017424901
201211,0.0244826301979445,0.0111,-0.000388925,0.000925533,0.0228,0.001,0.022,-3.84694622524357,-0.0014,-2.79269316258203,0.349237122,-0.015713137
201212,0.0290325305260828,0.0101,-0.004738087,0.001902649,0.0219,9e-04,-0.0236,-3.83163164146264,0.0144,-2.79549651723322,0.351137531,-0.012093926
201301,0.0725396335691597,0.0098,-0.002693065,0.001035707,0.0239,7e-04,0.014,-3.82084166066853,-0.0202,-2.80250181773802,0.349032443,-0.011549118
201302,0.0323031019084047,0.0093,0.002957304,0.000906801,0.0284,7e-04,0.0019,-3.86085203931326,-0.0332,-2.84712446320852,0.329984027,-0.008016734
201303,0.0571882509837061,0.0095,0.00819003,0.001242743,0.0275,0.001,-0.0021,-3.86275132160863,0.0114,-2.85357121169262,0.325431232,-0.008864249
201304,0.0387949833990784,0.0092,0.002614509,0.00048452,0.0278,9e-04,0.0044,-3.88908816369263,-0.0062,-2.88439294226298,0.346129997,-0.00891064
201305,0.0413449801886616,0.0086,-0.00103964,0.001682747,0.0258,6e-04,-0.0029,-3.89510045803927,0.0378,-2.89004043450906,0.340036254,-0.008004859
201306,0.00540018641843578,0.0084,0.001780408,0.001015556,0.0305,4e-04,0.0093,-3.90387898892426,-0.0629,-2.89846171721976,0.333832598,-0.004704681
201307,0.0704083347859651,0.0092,0.002399708,0.002247674,0.0325,5e-04,-0.0086,-3.87713135296744,-0.0285,-2.87136632054779,0.338444358,0.000118709
201308,-0.0111140574113292,0.0098,0.000393998,0.000502065,0.034,4e-04,0.0204,-3.91407466580984,-0.0173,-2.90718762365562,0.325562565,0.008360606
201309,0.0508177737496708,0.0088,0.001202932,0.000950425,0.0347,4e-04,5e-04,-3.8710689902532,-0.0079,-2.86308616339697,0.340713327,0.010332116
201310,0.0651720139157325,0.0083,0.001163005,0.000622222,0.0347,2e-04,-0.0047,-3.88930133604733,0.0061,-2.88024804006033,0.333521485,0.010118701
201311,0.0478588588930511,0.0078,-0.002575283,0.001438369,0.0337,5e-04,0.0083,-3.92724756194198,0.0128,-2.90349482466521,0.324594825,0.009622818
201312,0.0429402871841445,0.0075,-0.002042424,0.000644399,0.0354,7e-04,0.015,-3.94926208592457,-0.0236,-2.91118108176133,0.313685278,0.010324775
201401,-0.0164286719037417,0.0076,-8.58115e-05,0.000745517,0.0371,7e-04,0.0209,-3.96693457448995,-0.0207,-2.9148858497736,0.304408126,0.012143942
201402,0.0632090385338188,0.007,0.003720248,0.001303588,0.0338,4e-04,-0.0217,-3.91900065833438,0.0548,-2.87649411381051,0.321429277,0.013765217
201403,0.0264151765306945,0.0065,0.003697909,0.001253565,0.0334,5e-04,0.0094,-3.94964688722839,0.0074,-2.91655280724585,0.309163072,0.016576162
201404,0.0257549376715768,0.0068,0.006440044,0.000869033,0.0332,5e-04,-1e-04,-3.94512024488683,0.0063,-2.92131000007731,0.350616066,0.01641638
201405,0.0406679051991825,0.0066,0.003296755,0.001362693,0.0323,3e-04,-0.0021,-3.94074985998347,0.0181,-2.920016437654,0.348011319,0.016623265
201406,0.0384912948320051,0.00600000000000001,0.00349261,0.000555204,0.0306,3e-04,-0.0091,-3.95112020588005,0.0279,-2.9334098635961,0.345173256,0.013985265
201407,0.00417910143197485,0.0055,0.001862127,0.000282,0.0309,4e-04,0.0045,-3.95966256383489,-0.0025,-2.94492373364779,0.342928459,0.013885436
201408,0.0574014720278452,0.0057,-0.000390194,0.000949122,0.0307,3e-04,-0.0033,-3.9345839174912,0.0057,-2.92059033219462,0.348379852,0.008437173
201409,0.00370106370765264,0.00609999999999999,-0.001670514,0.000546202,0.0284,3e-04,-0.0013,-3.9617603977528,0.0369,-2.94849903271962,0.337476204,0.00673899
201410,0.0428794954088902,0.0069,0.000752569,0.000721023,0.0298,2e-04,-0.0101,-3.93643261145786,-0.017,-2.92388891877015,0.338576181,0.007991443
201411,0.0439221030202423,0.0077,-0.002512278,0.002943998,0.028,2e-04,-0.0075,-3.95118841920117,0.03,-2.95837438267079,0.331808365,0.008032292
201412,0.0148886126642033,0.0087,-0.005399418,0.000150254,0.0262,2e-04,-0.0113,-3.9673116812683,0.0286,-2.99429489658187,0.323661786,0.00689158
201501,-0.0116627325270776,0.00949999999999999,-0.005670101,0.001992839,0.0243,3e-04,-0.0107,-3.95506801153143,0.029,-3.00191971869185,0.323755672,0.005625039
201502,0.0751192236552564,0.0099,-0.004705892,0.002226629,0.0197,3e-04,-0.011,-3.9120781450693,0.0709,-2.98040662708137,0.336168763,0.000190918
201503,0.00199410786410068,0.009,0.004343045,0.00081354,0.0236,2e-04,0.0203,-3.95418975023928,-0.0523,-3.04396664067479,0.318227291,-0.003766674
201504,0.0284049925286163,0.009,0.005951722,0.001720375,0.0227,3e-04,-0.0079,-3.92544020969074,0.0137,-3.03664212315694,0.307454045,-0.006889459
201505,0.0303571788195691,0.0096,0.002032873,0.000574343,0.0247,2e-04,0.0027,-3.92631299875465,-0.025,-3.05981038983589,0.30634421,-0.007074768
201506,-0.00120433332226107,0.0091,0.005097232,0.000886995,0.026,2e-04,-0.0045,-3.92919541047313,-0.0159,-3.08514856338563,0.303449953,-0.008078391
201507,0.0400987344349065,0.0094,0.00350287,0.001052158,0.0283,2e-04,-0.0022,-3.90046201588738,-0.0298,-3.07904075791454,0.310186833,-0.008725336
201508,-0.042496435090121,0.0105,6.70472e-05,0.001159779,0.026,3e-04,-0.009,-3.91389514617375,0.0329,-3.11362974936552,0.308953265,-0.008701689
201509,-0.00488778914703531,0.0115,-0.001416276,0.005846949,0.0257,7e-04,-0.0079,-3.8431886851151,0.0012,-3.06427288351745,0.330670987,-0.010170348
201510,0.105275907147284,0.0127,-0.001556757,0.004053491,0.0251,2e-04,-0.0041,-3.81034733802264,0.0174,-3.05297984438706,0.335611955,-0.013647476
201511,0.0212302823945828,0.0139,-0.000449684,0.001618907,0.0257,2e-04,0.0073,-3.88320957573899,-0.0053,-3.14800097272518,0.309413628,-0.016841721
201512,0.00322526300169525,0.014,-0.00211068,0.001118759,0.0253,0.0012,0.0085,-3.87690400577977,-0.0065,-3.16404424388833,0.308429158,-0.018447403
201601,-0.0295281582536578,0.0149,-0.003417096,0.002838486,0.0245,0.0023,0.0022,-3.85245399629473,-0.0022,-3.16214342206667,0.313648814,-0.022261833
201602,0.0182015064113856,0.0145,0.001653102,0.004301314,0.021,0.0026,-0.0409,-3.79664347527485,0.0476,-3.11042254180813,0.33191063,-0.020954662
201603,0.0884985186232736,0.0138,0.000823077,0.002601544,0.0186,0.0031,-0.0062,-3.78877765168268,0.0294,-3.10663252233357,0.330901825,-0.024726502
201604,0.0239955704593851,0.0131,0.004306,0.001274157,0.0189,0.0029,0.0426,-3.84896984582963,-3e-04,-3.1708845085871,0.327954791,-0.023715134
201605,0.036657473648289,0.0117,0.004741068,0.000817764,0.02,0.0023,0.0199,-3.84723787982851,-0.0053,-3.17173095772521,0.326320889,-0.024215916
201606,0.021913041290164,0.0103,0.004045791,0.000995569,0.0192,0.0027,-0.0066,-3.85804037173637,0.0082,-3.18509350107291,0.326072119,-0.027053686
201607,0.0566825657602716,0.0103,0.003284366,0.002864409,0.0152,0.0027,-0.0213,-3.85456195984763,0.059,-3.18416146378014,0.323475362,-0.028684678
201608,0.0192088808732999,0.0094,-0.001618136,0.000477664,0.0145,0.003,0.0164,-3.8853193459788,0.0081,-3.21086489005452,0.314661159,-0.031674661
201609,0.019305628141234,0.0092,0.00091843,0.000279163,0.0156,0.003,0.0156,-3.8798842170371,-0.014,-3.20142493690878,0.315197425,-0.030781761
201610,0.00124388999507394,0.009,0.002403996,0.001673113,0.0167,0.0029,0.000499999999999999,-3.87445145569107,-0.0124,-3.19203779881807,0.316793887,-0.032603227
201611,0.0554631590574706,0.0087,0.001246749,0.000364052,0.0187,0.0033,0.0051,-3.84984997180639,-0.0314,-3.15219810531216,0.319687782,-0.029033999
201612,0.0386850414208891,0.0085,-0.001555461,0.000946372,0.0222,0.0045,0.00890000000000001,-3.87849566553158,-0.0599,-3.16597953909927,0.303285786,-0.02745248
201701,0.0379986631672135,0.00770000000000001,0.000327321,0.000524022,0.0221,0.0051,0.0116,-3.89159726004634,-0.0057,-3.16457989185869,0.293479097,-0.025103574
201702,0.0570518872340233,0.0074,0.005827728,0.000335571,0.0227,0.0051,-0.0064,-3.90436220951423,0.0043,-3.16227235992858,0.29197965,-0.022657606
201703,0.0189341077078286,0.0069,0.003146117,0.000223913,0.0218,0.0052,0.0075,-3.93594845200787,0.0137,-3.17915409526413,0.278677833,-0.018708852
201704,0.0283403176176569,0.0067,0.000812798,0.000575304,0.02,0.0074,-0.0022,-3.93064869979445,-0.004,-3.15950278762535,0.281598889,-0.016198861
201705,0.0306644195052493,0.007,0.002965533,0.000390547,0.0185,0.008,0.0031,-3.93370378995571,0.0145,-3.15623209379041,0.277870026,-0.015574558
201706,0.0237923351647849,0.007,0.000854722,0.000503099,0.0167,0.0089,0.0068,-3.93925418449728,0.0158,-3.15556996203476,0.276968767,-0.01018614
201707,0.0382647618267315,0.0069,0.000907111,0.00044756,0.016,0.0098,0.0118,-3.9381345642569,-0.001,-3.14834772987792,0.272545228,-0.009784006
201708,0.0190190786024459,0.0069,-0.000689923,0.000258844,0.0155,0.0107,0.0087,-3.95058652454957,-0.0027,-3.157753649742,0.265803679,-0.013163551
201709,0.0378935591277262,0.0068,0.002994452,0.000753376,0.0141,0.0101,-0.0136,-3.94446352750136,0.0289,-3.14863625108387,0.265113614,-0.012212825
201710,0.0405101675540648,0.0067,0.005294906,0.000257247,0.0156,0.0103,0.0168,-3.95695940601676,-0.0205,-3.15818396134395,0.259706167,-0.01108518
201711,0.0218228899776926,0.00720000000000001,-0.000632042,0.000218153,0.0154,0.0107,0.0089,-3.97366685429985,-0.0013,-3.17145141118415,0.248906199,-0.012378069
201712,0.0523733346096887,0.007,2.43247e-05,0.000355337,0.0137,0.0123,-0.0016,-3.97217116388451,0.0036,-3.16656011766721,0.239727101,-0.012192513
201801,0.0735147030976229,0.0071,-0.000587832,0.000244113,0.0122,0.0132,0.0154,-4.00075331892475,0.0102,-3.19179603688235,0.235393343,-0.019878875
201802,-0.0224655638469826,0.0071,0.005447746,0.000774262,0.0143,0.0141,0.0072,-4.04814138347585,-0.0315,-3.22972753428603,0.222519149,-0.019043602
201803,-0.009658542946375,0.0069,0.00453469,0.005361663,0.0144,0.0157,-0.0089,-4.00119837696242,-0.0224,-3.17354977829236,0.232478066,-0.018319798
201804,0.0203786887047139,0.0077,0.002261126,0.00324674,0.0115,0.017,-0.0135,-3.96678068367851,0.0259,-3.13011277284112,0.259537164,-0.018221349
201805,0.039340844270107,0.0082,0.003975092,0.002362669,0.0124,0.0176,-0.0023,-3.96293575451851,-0.0177,-3.11270343743623,0.258892272,-0.018605663
201806,0.0222918860937262,0.0083,0.004158917,0.000922712,0.0103,0.0186,-0.0024,-3.97779666983623,0.0164,-3.11435504185994,0.256212885,-0.018933503
201807,0.0533459329695983,0.0087,0.001593876,0.000622866,0.0101,0.019,-0.0131,-3.97615229639697,7e-04,-3.09983996360387,0.257737511,-0.022101276
201808,0.047089233356875,0.0092,6.74633e-05,0.000654429,0.0106,0.0196,0.0232,-4.00276155901507,-0.0131,-3.11392879316122,0.246138345,-0.017095922
201809,0.0208339011791949,0.0089,0.000555542,0.000471274,0.009,0.0203,-0.0094,-4.02387548620206,0.0152,-3.12288895614057,0.240928025,-0.02145123
201810,-0.0531790228206613,0.009,0.001162025,0.000230074,0.0121,0.0213,0.0398,-4.01953333224052,-0.0518,-3.10674516387823,0.23643433,-0.020834449
201811,0.0357083480548593,0.0093,0.001766764,0.004577602,0.0127,0.0225,-0.0119,-3.938669824392,-0.0204,-3.0297157202708,0.249072805,-0.021216895
201812,-0.074202366953789,0.01,-0.003349349,0.002837642,0.0084,0.0233,-0.0434,-3.94751467833458,0.0505,-3.04234404067988,0.244950275,-0.024593067
201901,0.0981851865399892,0.0111,-0.003193963,0.006793103,0.0047,0.0237,-0.0111,-3.84247208582424,0.0481,-2.94103015194961,0.268166907,-0.019227909
201902,0.0481001795023542,0.0119,0.001906597,0.003011395,0.0034,0.0237,0.0197,-3.91086986706422,0.008,-3.01174906556308,0.250229416,-0.019304705
201903,0.0357556998399119,0.0116,0.004227053,0.000532403,0.0029,0.0239,0.0017,-3.93287279976237,-0.0091,-3.03604727203431,0.24138188,-0.023159336
201904,0.0567319366059712,0.0107,0.005641358,0.001107068,0.0017,0.024,0.0038,-3.94340029966721,0.0447,-3.04883953299229,0.243716706,-0.023231494
201905,-0.0489683914293522,0.0101,0.005295002,0.000374438,0.0015,0.0238,0.0037,-3.97506561460322,-0.0126,-3.08521979347716,0.237629216,-0.021699695
201906,0.0875082828842422,0.0096,0.002128759,0.001831636,5e-04,0.0235,-0.0154,-3.90017512477127,0.053,-3.01500283019113,0.254654139,-0.020358318
201907,0.0304219104075539,0.0104,0.000199147,0.001064814,-0.001,0.0217,0.0233,-3.96003222461451,0.0104,-3.07949053957429,0.237566229,-0.012538347
201908,-0.000619383158501788,0.0099,0.001670942,0.000593538,-0.000400000000000001,0.021,0.006,-3.96630908925901,0.0024,-3.09839059904804,0.235228894,-0.012604296
201909,0.0349352484516551,0.0089,-5.06682e-05,0.004317881,-0.0032,0.0195,-0.00589999999999999,-3.94132958932052,0.0797,-3.08602509343849,0.239335892,-0.010142435
201910,0.038269427456691,0.0088,0.000783449,0.000605425,-0.0019,0.0189,0.000199999999999999,-3.95168927157684,-0.0192,-3.108987055238,0.234769562,-0.010838109
201911,0.051909234153445,0.0091,0.002286191,0.001510308,6e-04,0.0165,0.0058,-3.96598369584006,-0.0052,-3.11286861755854,0.233646327,-0.01315741
201912,0.0457329570040126,0.0088,-0.000536243,0.000306363,0.0027,0.0154,0.0073,-3.99356756620678,-0.0059,-3.13026749637981,0.225273965,-0.007796238
202001,0.0152378105737302,0.0087,-0.00090977,0.000502373,0.0032,0.0154,0.0164,-4.01589616709858,-0.0253,-3.14262934876114,0.221429501,-0.007199156
202002,-0.0669766126025663,0.0083,0.00387977,0.001119022,0.0024,0.0152,-0.0113,-4.00662610746018,0.0632,-3.19789241652373,0.223642619,-0.007693692
202003,-0.106150638294271,0.0083,0.002740618,0.004776639,-0.000200000000000001,0.0152,-0.0308,-3.91118557158089,0.0588,-3.17035923740638,0.248697825,-0.005560164
202004,0.14990961815994,0.0127,-0.002176451,0.073153143,0.0058,0.0029,-0.0976,-3.76999214928507,0.0625,-3.10089118718428,0.302151796,-0.007700294
202005,0.0656626499387726,0.017,-0.006686942,0.01430754,0.0052,0.0014,0.0265,-3.88883752042385,0.0082,-3.27055176320354,0.272011232,-0.01053806
202006,0.0378933105434517,0.0145,1.95016e-05,0.004072031,0.0054,0.0013,0.0181,-3.93255049306421,-0.0097,-3.36773609231107,0.260894323,-0.014966918
202007,0.0741627352603842,0.012,0.005472047,0.007208551,0.0057,0.0016,0.0123,-3.95019700970283,0.0023,-3.44181054655881,0.256550579,-0.016845022
202008,0.0880406418457623,0.0117,0.005058244,0.001607946,0.0049,0.0013,0.0323,-4.00849248152577,0.0287,-3.49884622175752,0.250576249,-0.011998152
202009,-0.0225148096881752,0.0102,0.003153211,0.000743392,0.0055,0.001,-0.0139,-4.0808920820761,-0.0349,-3.56997479790205,0.232933438,-0.008503885
202010,-0.0103228912239432,0.0105,0.001392747,0.004907442,0.0057,0.0011,-0.0039,-4.04557648741774,0.008,-3.53337885112917,0.238369477,-0.005698078
202011,0.125326493397078,0.0109,0.000414938,0.003661105,0.0069,0.001,0.0048,-4.02076814891783,-0.0238,-3.51930046479734,0.249883377,-0.001895113
202012,0.0531132818943246,0.01,-0.000610627,0.002492033,0.0078,9e-04,0.0416,-4.12617251866991,0.0093,-3.63562339176148,0.223434992,-0.005261819
202101,0.00432199080421814,0.009,0.000941479,0.000678177,0.0084,9e-04,0.0115,-4.16589008614112,-0.0115,-3.68645167144307,0.216369517,-9.78825e-05
202102,0.0416662628155424,0.0079,0.004253784,0.002077588,0.01,8e-04,-0.0027,-4.15838867643548,-0.0304,-3.56134448156188,0.220871602,0.002697343
202103,0.0575609461711031,0.0072,0.005474383,0.001501268,0.0122,4e-04,0.0179,-4.18785873567092,-0.0581,-3.48485253897455,0.214089942,0.007013703
202104,0.0669514132029833,0.007,0.007083273,0.002473191,0.0158,3e-04,-0.000800000000000002,-4.23314680778636,-0.0322,-3.43365752405826,0.193470813,0.015718343
202105,0.0193074665703618,0.007,0.008218909,0.001059284,0.0162,2e-04,-0.0016,-4.28290552517865,0.0238,-3.40829445035918,0.188368873,0.02005424
202106,0.0359778883045402,0.0066,0.008017105,0.001496482,0.016,2e-04,0.0044,-4.28704021647614,1e-04,-3.34273945805652,0.184797826,0.017464303
202107,0.0363206980802793,0.0065,0.009290663,0.000607378,0.0148,4e-04,0.0158,-4.30767602595696,0.0284,-3.29839510934214,0.184942119,0.01725459
202108,0.0423663901566688,0.0067,0.004810524,0.001123992,0.0127,5e-04,-0.0066,-4.32219628512057,0.0305,-3.28660802687222,0.182650106,0.016079031
202109,-0.0344675059920225,0.0069,0.002065911,0.000602092,0.0123,5e-04,-0.001,-4.34286613269857,-0.0035,-3.28204264974864,0.180453495,0.014845666
202110,0.0829882949432855,0.007,0.002715971,0.001393442,0.0133,4e-04,0.0056,-4.28628052798949,-0.025,-3.20122422680661,0.188541023,0.015597884
202111,0.00459803208972222,0.0067,0.008308119,0.001151121,0.0153,5e-04,0.0108,-4.3467311068074,0.0051,-3.22620494639945,0.178141979,0.013368228
202112,0.0568375520035035,0.0066,0.004913428,0.001326667,0.0151,5e-04,-0.0116,-4.33199728740634,0.021,-3.1776422662673,0.185042893,0.015639778
202201,-0.0398030708030331,0.0065,0.003072517,0.002518415,0.0141,6e-04,-0.0019,-4.36835933392238,-0.011,-3.1816901750611,0.175598949,0.012974421
202202,-0.0177529426094276,0.0065,0.008414574,0.00278006,0.0161,0.0015,-0.0295,-4.30569776587889,-0.0227,-3.12760481160617,0.181629077,0.011640433
202203,0.0498412479065196,0.0072,0.009133979,0.003676328,0.016,0.0033,-0.01,-4.26526562574778,-0.0169,-3.09567430634044,0.188270221,0.008487009
202204,-0.0742272373470524,0.0086,0.01335138,0.00474681,0.0169,0.0044,0.0175,-4.29191732513376,-0.0526,-3.13075534020488,0.206653235,-0.00112206
202205,0.0150818157373601,0.009,0.005582531,0.004926537,0.0199,0.0076,0.0226,-4.18888513169546,-0.0773,-3.04824901470474,0.217313508,-0.005662875
202206,-0.0690267648827802,0.0099,0.011023524,0.007760031,0.0192,0.0098,0.0292,-4.17809292824079,-0.0199,-3.05795658543127,0.217228467,-0.003371694
202207,0.107343359629931,0.0103,0.013736076,0.007203426,0.0165,0.0149,-0.0192,-4.07971227065865,-0.0088,-2.9800529344957,0.232860863,-0.004815212
202208,-0.0286286689932992,0.0115,-0.000118119,0.003187742,0.0067,0.0223,0.0054,-4.16017438301519,0.027,-3.07627591896752,0.21818739,-0.006120552
202209,-0.0787785259809311,0.0108,-0.000354399,0.003348922,0.0027,0.0263,0.0128,-4.11011324327854,-0.0421,-3.04201213983188,0.227429242,-0.009731794
202210,0.0959319848304783,0.011,0.002150785,0.004933692,0.0039,0.0313,0.0243,-4.00541443885407,-0.0769,-2.95315034804044,0.249478363,-0.01129195
202211,0.068002806901456,0.0116,0.004056494,0.006503956,0.00260000000000001,0.0372,0.0036,-4.07409477932321,-0.0139,-3.05584949954347,0.218935146,-0.015252475
202212,-0.0458638114060747,0.0117,-0.001010026,0.006342743,-0.00260000000000001,0.0415,0.025,-4.11836291056061,0.0268,-3.13475820768074,0.207182447,-0.017011396
